{"cameraMode":{"drawMode":0,"name":"Shaded","section":"Shading Mode"},"sceneLighting":false,"audioPlay":false,"sceneViewState":{"showFog":true,"showMaterialUpdate":false,"showSkybox":false,"showFlares":true,"showImageEffects":true,"showParticleSystems":true},"in2DMode":false,"pivot":{"x":-0.27304553985595705,"y":2.177137613296509,"z":-0.3552389144897461},"rotation":{"x":0.09578579664230347,"y":0.881593644618988,"z":-0.20346397161483766,"w":0.4151795506477356},"size":4.041658401489258,"orthographic":false}