{"cameraMode":{"drawMode":0,"name":"Shaded","section":"Shading Mode"},"sceneLighting":true,"audioPlay":false,"sceneViewState":{"showFog":true,"showMaterialUpdate":false,"showSkybox":false,"showFlares":true,"showImageEffects":true,"showParticleSystems":true},"in2DMode":false,"pivot":{"x":17.059398651123048,"y":-13.953615188598633,"z":-126.38197326660156},"rotation":{"x":0.0022712592035531999,"y":0.997324526309967,"z":-0.06472573429346085,"w":0.03472059592604637},"size":155.83584594726563,"orthographic":false}