{"cameraMode":{"drawMode":0,"name":"Shaded","section":"Shading Mode"},"sceneLighting":true,"audioPlay":false,"sceneViewState":{"showFog":true,"showMaterialUpdate":false,"showSkybox":false,"showFlares":true,"showImageEffects":true,"showParticleSystems":true},"in2DMode":false,"pivot":{"x":13.5968017578125,"y":14.71467113494873,"z":27.82404136657715},"rotation":{"x":-0.04805633798241615,"y":0.9003648161888123,"z":-0.42003166675567629,"w":-0.1030099019408226},"size":3.762040615081787,"orthographic":false}